{"cameraMode":{"drawMode":0,"name":"Shaded","section":"Shading Mode"},"sceneLighting":false,"audioPlay":false,"sceneViewState":{"showFog":true,"showMaterialUpdate":false,"showSkybox":true,"showFlares":true,"showImageEffects":true,"showParticleSystems":true},"in2DMode":false,"pivot":{"x":39.19431686401367,"y":2.529409646987915,"z":18.480018615722658},"rotation":{"x":0.012256264686584473,"y":0.7018679976463318,"z":-0.011520992033183575,"w":0.712679922580719},"size":5.3982625007629398,"orthographic":false}