{"cameraMode":{"drawMode":0,"name":"Shaded","section":"Shading Mode"},"sceneLighting":false,"audioPlay":false,"sceneViewState":{"showFog":true,"showMaterialUpdate":false,"showSkybox":true,"showFlares":true,"showImageEffects":true,"showParticleSystems":true},"in2DMode":false,"pivot":{"x":0.5312655568122864,"y":1.1045913696289063,"z":0.2480940818786621},"rotation":{"x":-0.011877712793648243,"y":-0.9821693301200867,"z":-0.0783282145857811,"w":0.17252352833747865},"size":2.0664336681365969,"orthographic":false}