{"cameraMode":{"drawMode":0,"name":"Shaded","section":"Shading Mode"},"sceneLighting":false,"audioPlay":false,"sceneViewState":{"showFog":true,"showMaterialUpdate":false,"showSkybox":true,"showFlares":true,"showImageEffects":true,"showParticleSystems":true},"in2DMode":false,"pivot":{"x":44.216182708740237,"y":5.860038757324219,"z":32.480384826660159},"rotation":{"x":-0.10858771204948425,"y":0.8877713680267334,"z":-0.28302136063575747,"w":-0.3478790819644928},"size":2.366433620452881,"orthographic":false}