{"cameraMode":{"drawMode":0,"name":"Shaded","section":"Shading Mode"},"sceneLighting":true,"audioPlay":false,"sceneViewState":{"showFog":false,"showMaterialUpdate":false,"showSkybox":false,"showFlares":false,"showImageEffects":false,"showParticleSystems":false},"in2DMode":false,"pivot":{"x":6.82280969619751,"y":-0.38106465339660647,"z":10.669800758361817},"rotation":{"x":0.0023326249793171884,"y":-0.9958319664001465,"z":0.08720038831233978,"w":0.02663550153374672},"size":9.339641571044922,"orthographic":false}