{"cameraMode":{"drawMode":0,"name":"Shaded","section":"Shading Mode"},"sceneLighting":false,"audioPlay":false,"sceneViewState":{"showFog":false,"showMaterialUpdate":false,"showSkybox":false,"showFlares":false,"showImageEffects":false,"showParticleSystems":false},"in2DMode":false,"pivot":{"x":-0.7995187044143677,"y":1.1108245849609376,"z":-0.9251016974449158},"rotation":{"x":-0.43306270241737368,"y":0.15074113011360169,"z":-0.07371275126934052,"w":-0.8856073021888733},"size":0.8132339715957642,"orthographic":false}