{"cameraMode":{"drawMode":0,"name":"Shaded","section":"Shading Mode"},"sceneLighting":false,"audioPlay":false,"sceneViewState":{"showFog":false,"showMaterialUpdate":false,"showSkybox":false,"showFlares":false,"showImageEffects":false,"showParticleSystems":false},"in2DMode":false,"pivot":{"x":1.402021884918213,"y":1.680678129196167,"z":1.1266926527023316},"rotation":{"x":0.021913327276706697,"y":0.7179022431373596,"z":-0.02262142486870289,"w":0.6954312324523926},"size":7.019325256347656,"orthographic":false}