{"cameraMode":{"drawMode":0,"name":"Shaded","section":"Shading Mode"},"sceneLighting":true,"audioPlay":false,"sceneViewState":{"showFog":false,"showMaterialUpdate":false,"showSkybox":false,"showFlares":false,"showImageEffects":false,"showParticleSystems":false},"in2DMode":false,"pivot":{"x":10.302691459655762,"y":-1.0871837139129639,"z":6.789194107055664},"rotation":{"x":0.18721389770507813,"y":0.5099971890449524,"z":-0.11480541527271271,"w":0.8316691517829895},"size":11.206673622131348,"orthographic":false}