{"cameraMode":{"drawMode":0,"name":"Shaded","section":"Shading Mode"},"sceneLighting":true,"audioPlay":false,"sceneViewState":{"showFog":false,"showMaterialUpdate":false,"showSkybox":false,"showFlares":false,"showImageEffects":false,"showParticleSystems":false},"in2DMode":false,"pivot":{"x":17.720752716064454,"y":-0.6071736812591553,"z":17.72574234008789},"rotation":{"x":-0.05209501087665558,"y":0.8990420699119568,"z":-0.1114531084895134,"w":-0.42022332549095156},"size":14.289430618286133,"orthographic":false}