{"cameraMode":{"drawMode":0,"name":"Shaded","section":"Shading Mode"},"sceneLighting":false,"audioPlay":false,"sceneViewState":{"showFog":false,"showMaterialUpdate":false,"showSkybox":false,"showFlares":false,"showImageEffects":false,"showParticleSystems":false},"in2DMode":false,"pivot":{"x":-3.2702484130859377,"y":3.184412717819214,"z":-0.5721076726913452},"rotation":{"x":-0.01857897825539112,"y":0.6938167214393616,"z":-0.01791127771139145,"w":-0.7196891903877258},"size":10.297149658203125,"orthographic":false}