{"cameraMode":{"drawMode":0,"name":"Shaded","section":"Shading Mode"},"sceneLighting":false,"audioPlay":false,"sceneViewState":{"showFog":false,"showMaterialUpdate":false,"showSkybox":false,"showFlares":false,"showImageEffects":false,"showParticleSystems":false},"in2DMode":false,"pivot":{"x":0.06846367567777634,"y":0.03626260161399841,"z":0.03159404173493385},"rotation":{"x":-0.04711497575044632,"y":0.7311546206474304,"z":-0.05075756832957268,"w":-0.6786876320838928},"size":1.0934244394302369,"orthographic":false}