{"cameraMode":{"drawMode":0,"name":"Shaded","section":"Shading Mode"},"sceneLighting":false,"audioPlay":false,"sceneViewState":{"showFog":false,"showMaterialUpdate":false,"showSkybox":false,"showFlares":false,"showImageEffects":false,"showParticleSystems":false},"in2DMode":false,"pivot":{"x":1.4999998807907105,"y":1.5,"z":2.384185791015625e-7},"rotation":{"x":0.000017999738702201284,"y":0.9999775290489197,"z":-0.005999937187880278,"w":0.0029999190010130407},"size":7.012503147125244,"orthographic":false}