{"cameraMode":{"drawMode":0,"name":"Shaded","section":"Shading Mode"},"sceneLighting":false,"audioPlay":false,"sceneViewState":{"showFog":false,"showMaterialUpdate":false,"showSkybox":false,"showFlares":false,"showImageEffects":false,"showParticleSystems":false},"in2DMode":false,"pivot":{"x":0.0000011920928955078126,"y":1.5,"z":-1.4218759536743165},"rotation":{"x":0.1422048807144165,"y":-0.4440249502658844,"z":0.07161097973585129,"w":0.8817548155784607},"size":12.232494354248047,"orthographic":true}