{"cameraMode":{"drawMode":0,"name":"Shaded","section":"Shading Mode"},"sceneLighting":true,"audioPlay":false,"sceneViewState":{"showFog":false,"showMaterialUpdate":false,"showSkybox":false,"showFlares":false,"showImageEffects":false,"showParticleSystems":false},"in2DMode":false,"pivot":{"x":33.32526397705078,"y":-10.336798667907715,"z":-28.44967269897461},"rotation":{"x":-0.027615446597337724,"y":-0.9682952761650086,"z":0.12448287010192871,"w":-0.21481585502624513},"size":52.02110290527344,"orthographic":false}