{"cameraMode":{"drawMode":0,"name":"Shaded","section":"Shading Mode"},"sceneLighting":false,"audioPlay":false,"sceneViewState":{"showFog":false,"showMaterialUpdate":false,"showSkybox":false,"showFlares":false,"showImageEffects":false,"showParticleSystems":false},"in2DMode":false,"pivot":{"x":0.437725305557251,"y":0.11755897849798203,"z":-0.21037431061267854},"rotation":{"x":-0.028570635244250299,"y":0.7571781873703003,"z":-0.03319307416677475,"w":-0.6517385244369507},"size":0.4568192660808563,"orthographic":false}