{"cameraMode":{"drawMode":0,"name":"Shaded","section":"Shading Mode"},"sceneLighting":false,"audioPlay":false,"sceneViewState":{"showFog":false,"showMaterialUpdate":false,"showSkybox":false,"showFlares":false,"showImageEffects":false,"showParticleSystems":false},"in2DMode":false,"pivot":{"x":2.224602699279785,"y":-0.16961079835891725,"z":-3.999237537384033},"rotation":{"x":-0.015112049877643586,"y":0.9781597852706909,"z":-0.07676082104444504,"w":-0.19256910681724549},"size":1.348213791847229,"orthographic":false}