{"cameraMode":{"drawMode":0,"name":"Shaded","section":"Shading Mode"},"sceneLighting":false,"audioPlay":false,"sceneViewState":{"showFog":false,"showMaterialUpdate":false,"showSkybox":false,"showFlares":false,"showImageEffects":false,"showParticleSystems":false},"in2DMode":false,"pivot":{"x":0.2500000298023224,"y":0.9375,"z":0.01562488079071045},"rotation":{"x":-0.04711497575044632,"y":0.7311546206474304,"z":-0.05075756832957268,"w":-0.6786876320838928},"size":4.176245212554932,"orthographic":false}