{"cameraMode":{"drawMode":0,"name":"Shaded","section":"Shading Mode"},"sceneLighting":true,"audioPlay":false,"sceneViewState":{"showFog":false,"showMaterialUpdate":false,"showSkybox":false,"showFlares":false,"showImageEffects":false,"showParticleSystems":false},"in2DMode":false,"pivot":{"x":10.195109367370606,"y":1.2315962314605713,"z":10.953618049621582},"rotation":{"x":-0.10063902288675308,"y":0.013707992620766163,"z":-0.001387689495459199,"w":-0.9948276281356812},"size":2.8578836917877199,"orthographic":false}