{"cameraMode":{"drawMode":0,"name":"Shaded","section":"Shading Mode"},"sceneLighting":true,"audioPlay":false,"sceneViewState":{"showFog":false,"showMaterialUpdate":false,"showSkybox":false,"showFlares":false,"showImageEffects":false,"showParticleSystems":false},"in2DMode":false,"pivot":{"x":17.630577087402345,"y":2.6585748195648195,"z":24.49921417236328},"rotation":{"x":-0.018565699458122255,"y":0.49317774176597597,"z":-0.010527384467422963,"w":-0.8696668148040772},"size":14.289430618286133,"orthographic":false}