{"cameraMode":{"drawMode":0,"name":"Shaded","section":"Shading Mode"},"sceneLighting":false,"audioPlay":false,"sceneViewState":{"showFog":false,"showMaterialUpdate":false,"showSkybox":false,"showFlares":false,"showImageEffects":false,"showParticleSystems":false},"in2DMode":false,"pivot":{"x":-0.0078125,"y":0.1293177604675293,"z":0.00960133969783783},"rotation":{"x":-0.14032849669456483,"y":0.6829871535301209,"z":-0.13618431985378266,"w":-0.7037686109542847},"size":0.9324840307235718,"orthographic":false}