{"cameraMode":{"drawMode":0,"name":"Shaded","section":"Shading Mode"},"sceneLighting":false,"audioPlay":false,"sceneViewState":{"showFog":false,"showMaterialUpdate":false,"showSkybox":false,"showFlares":false,"showImageEffects":false,"showParticleSystems":false},"in2DMode":false,"pivot":{"x":-6.238863468170166,"y":0.11651992797851563,"z":4.94765043258667},"rotation":{"x":-0.13119007647037507,"y":0.4767034351825714,"z":-0.07219789922237396,"w":-0.866216242313385},"size":9.880779266357422,"orthographic":false}