{"cameraMode":{"drawMode":0,"name":"Shaded","section":"Shading Mode"},"sceneLighting":false,"audioPlay":false,"sceneViewState":{"showFog":false,"showMaterialUpdate":false,"showSkybox":false,"showFlares":false,"showImageEffects":false,"showParticleSystems":false},"in2DMode":false,"pivot":{"x":-2.7713441848754885,"y":-0.6363056302070618,"z":0.5784119963645935},"rotation":{"x":-0.047783493995666507,"y":0.722144365310669,"z":-0.05013500526547432,"w":-0.6882665157318115},"size":2.6109166145324709,"orthographic":false}