{"cameraMode":{"drawMode":0,"name":"Shaded","section":"Shading Mode"},"sceneLighting":false,"audioPlay":false,"sceneViewState":{"showFog":false,"showMaterialUpdate":false,"showSkybox":false,"showFlares":false,"showImageEffects":false,"showParticleSystems":false},"in2DMode":false,"pivot":{"x":-0.587851881980896,"y":0.07760289311408997,"z":-1.3344991207122803},"rotation":{"x":-0.08256310969591141,"y":0.6536151170730591,"z":-0.07206325978040695,"w":-0.7488508820533752},"size":1.7566938400268555,"orthographic":false}