{"cameraMode":{"drawMode":0,"name":"Shaded","section":"Shading Mode"},"sceneLighting":false,"audioPlay":false,"sceneViewState":{"showFog":false,"showMaterialUpdate":false,"showSkybox":false,"showFlares":false,"showImageEffects":false,"showParticleSystems":false},"in2DMode":false,"pivot":{"x":3.4419522285461427,"y":1.8188174962997437,"z":0.6825206875801086},"rotation":{"x":-0.006461274344474077,"y":0.9913614988327026,"z":-0.11953777819871903,"w":-0.053585879504680637},"size":8.753666877746582,"orthographic":false}