{"cameraMode":{"drawMode":0,"name":"Shaded","section":"Shading Mode"},"sceneLighting":false,"audioPlay":false,"sceneViewState":{"showFog":false,"showMaterialUpdate":false,"showSkybox":false,"showFlares":false,"showImageEffects":false,"showParticleSystems":false},"in2DMode":false,"pivot":{"x":-2.065441370010376,"y":-0.3709401488304138,"z":-0.6065576076507568},"rotation":{"x":-0.06514788419008255,"y":0.9199134707450867,"z":-0.17340394854545594,"w":-0.3456098139286041},"size":3.863060712814331,"orthographic":false}