{"cameraMode":{"drawMode":0,"name":"Shaded","section":"Shading Mode"},"sceneLighting":false,"audioPlay":false,"sceneViewState":{"showFog":false,"showMaterialUpdate":false,"showSkybox":false,"showFlares":false,"showImageEffects":false,"showParticleSystems":false},"in2DMode":false,"pivot":{"x":2.0503365993499758,"y":2.4930410385131838,"z":2.0180749893188478},"rotation":{"x":0.04617450758814812,"y":0.6962587237358093,"z":-0.04497099667787552,"w":0.7148911356925964},"size":7.019321918487549,"orthographic":false}