{"cameraMode":{"drawMode":0,"name":"Shaded","section":"Shading Mode"},"sceneLighting":false,"audioPlay":false,"sceneViewState":{"showFog":false,"showMaterialUpdate":false,"showSkybox":false,"showFlares":false,"showImageEffects":false,"showParticleSystems":false},"in2DMode":false,"pivot":{"x":-14.750809669494629,"y":0.4749463200569153,"z":-4.615371227264404},"rotation":{"x":-0.054749321192502978,"y":0.07755754142999649,"z":-0.004265327472239733,"w":-0.9954743385314941},"size":5.247384071350098,"orthographic":false}