{"cameraMode":{"drawMode":0,"name":"Shaded","section":"Shading Mode"},"sceneLighting":false,"audioPlay":false,"sceneViewState":{"showFog":false,"showMaterialUpdate":false,"showSkybox":false,"showFlares":false,"showImageEffects":false,"showParticleSystems":false},"in2DMode":false,"pivot":{"x":-0.23864078521728517,"y":0.42589759826660159,"z":-0.7071680426597595},"rotation":{"x":-0.1454775631427765,"y":0.5137026309967041,"z":-0.08887544274330139,"w":-0.8408609628677368},"size":1.7265740633010865,"orthographic":false}