{"cameraMode":{"drawMode":0,"name":"Shaded","section":"Shading Mode"},"sceneLighting":false,"audioPlay":false,"sceneViewState":{"showFog":false,"showMaterialUpdate":false,"showSkybox":false,"showFlares":false,"showImageEffects":false,"showParticleSystems":false},"in2DMode":false,"pivot":{"x":-0.21701645851135255,"y":0.1531793475151062,"z":0.302021324634552},"rotation":{"x":-0.014140365645289421,"y":0.9621070027351379,"z":-0.05085589736700058,"w":-0.2675141394138336},"size":0.8666488528251648,"orthographic":false}