{"cameraMode":{"drawMode":0,"name":"Shaded","section":"Shading Mode"},"sceneLighting":true,"audioPlay":false,"sceneViewState":{"showFog":false,"showMaterialUpdate":false,"showSkybox":false,"showFlares":false,"showImageEffects":false,"showParticleSystems":false},"in2DMode":false,"pivot":{"x":13.027542114257813,"y":0.5980684757232666,"z":12.79052734375},"rotation":{"x":-0.17191746830940247,"y":0.5103846192359924,"z":-0.10495394468307495,"w":-0.836024284362793},"size":6.058218955993652,"orthographic":false}