{"cameraMode":{"drawMode":0,"name":"Shaded","section":"Shading Mode"},"sceneLighting":false,"audioPlay":false,"sceneViewState":{"showFog":false,"showMaterialUpdate":false,"showSkybox":false,"showFlares":false,"showImageEffects":false,"showParticleSystems":false},"in2DMode":false,"pivot":{"x":0.5561402440071106,"y":-0.7094879746437073,"z":-0.20117902755737306},"rotation":{"x":-0.06662783771753311,"y":-0.9326912760734558,"z":0.23152410984039308,"w":-0.2684107720851898},"size":3.0137970447540285,"orthographic":false}