{"cameraMode":{"drawMode":0,"name":"Shaded","section":"Shading Mode"},"sceneLighting":false,"audioPlay":false,"sceneViewState":{"showFog":false,"showMaterialUpdate":false,"showSkybox":false,"showFlares":false,"showImageEffects":false,"showParticleSystems":false},"in2DMode":false,"pivot":{"x":-0.21330416202545167,"y":0.4116145968437195,"z":0.5893183946609497},"rotation":{"x":-0.02482132613658905,"y":0.9714460372924805,"z":-0.20433056354522706,"w":-0.11800672858953476},"size":0.38816240429878237,"orthographic":false}