{"cameraMode":{"drawMode":0,"name":"Shaded","section":"Shading Mode"},"sceneLighting":false,"audioPlay":false,"sceneViewState":{"showFog":false,"showMaterialUpdate":false,"showSkybox":false,"showFlares":false,"showImageEffects":false,"showParticleSystems":false},"in2DMode":false,"pivot":{"x":-2.0078125,"y":0.613970935344696,"z":-0.32324644923210146},"rotation":{"x":-0.038282252848148349,"y":0.7709860801696777,"z":-0.04655454307794571,"w":-0.6339934468269348},"size":3.1764206886291506,"orthographic":false}