{"cameraMode":{"drawMode":0,"name":"Shaded","section":"Shading Mode"},"sceneLighting":false,"audioPlay":false,"sceneViewState":{"showFog":false,"showMaterialUpdate":false,"showSkybox":false,"showFlares":false,"showImageEffects":false,"showParticleSystems":false},"in2DMode":false,"pivot":{"x":-0.23658406734466554,"y":0.09397837519645691,"z":0.32410675287246706},"rotation":{"x":-0.02474231645464897,"y":0.95524662733078,"z":-0.08361491560935974,"w":-0.2826665937900543},"size":0.8666488528251648,"orthographic":false}