{"cameraMode":{"drawMode":0,"name":"Shaded","section":"Shading Mode"},"sceneLighting":false,"audioPlay":false,"sceneViewState":{"showFog":false,"showMaterialUpdate":false,"showSkybox":false,"showFlares":false,"showImageEffects":false,"showParticleSystems":false},"in2DMode":false,"pivot":{"x":0.019518107175827028,"y":0.06255000829696655,"z":0.0},"rotation":{"x":-0.14032849669456483,"y":0.6829871535301209,"z":-0.13618431985378266,"w":-0.7037686109542847},"size":0.38816240429878237,"orthographic":false}