{"cameraMode":{"drawMode":0,"name":"Shaded","section":"Shading Mode"},"sceneLighting":false,"audioPlay":false,"sceneViewState":{"showFog":false,"showMaterialUpdate":false,"showSkybox":false,"showFlares":false,"showImageEffects":false,"showParticleSystems":false},"in2DMode":false,"pivot":{"x":-1.217262864112854,"y":-0.18769168853759767,"z":-1.2168080806732178},"rotation":{"x":-0.031200533732771875,"y":0.9687781929969788,"z":-0.17060332000255586,"w":-0.17717184126377107},"size":3.7317862510681154,"orthographic":false}