{"cameraMode":{"drawMode":0,"name":"Shaded","section":"Shading Mode"},"sceneLighting":true,"audioPlay":false,"sceneViewState":{"showFog":false,"showMaterialUpdate":false,"showSkybox":false,"showFlares":false,"showImageEffects":false,"showParticleSystems":false},"in2DMode":false,"pivot":{"x":18.828357696533204,"y":13.666528701782227,"z":8.153604507446289},"rotation":{"x":0.37179648876190188,"y":-0.625010073184967,"z":0.44376206398010256,"w":0.5236459374427795},"size":4.809284210205078,"orthographic":false}