{"cameraMode":{"drawMode":0,"name":"Shaded","section":"Shading Mode"},"sceneLighting":false,"audioPlay":false,"sceneViewState":{"showFog":false,"showMaterialUpdate":false,"showSkybox":false,"showFlares":false,"showImageEffects":false,"showParticleSystems":false},"in2DMode":false,"pivot":{"x":-1.2374669313430787,"y":0.8266561031341553,"z":-1.3175803422927857},"rotation":{"x":-0.033695321530103686,"y":0.9213773012161255,"z":-0.0820431336760521,"w":-0.3784145712852478},"size":4.176245212554932,"orthographic":false}