{"cameraMode":{"drawMode":0,"name":"Shaded","section":"Shading Mode"},"sceneLighting":false,"audioPlay":false,"sceneViewState":{"showFog":false,"showMaterialUpdate":false,"showSkybox":false,"showFlares":false,"showImageEffects":false,"showParticleSystems":false},"in2DMode":false,"pivot":{"x":3.003268241882324,"y":1.2263154983520508,"z":0.16833019256591798},"rotation":{"x":-0.0021017759572714569,"y":-0.9939846992492676,"z":0.019385166466236116,"w":-0.10776972770690918},"size":7.01932430267334,"orthographic":false}