{"cameraMode":{"drawMode":0,"name":"Shaded","section":"Shading Mode"},"sceneLighting":false,"audioPlay":false,"sceneViewState":{"showFog":false,"showMaterialUpdate":false,"showSkybox":false,"showFlares":false,"showImageEffects":false,"showParticleSystems":false},"in2DMode":false,"pivot":{"x":0.28432977199554446,"y":0.34081020951271059,"z":-0.08045624196529389},"rotation":{"x":-0.010330320335924626,"y":0.7381235957145691,"z":-0.011304331943392754,"w":-0.674491822719574},"size":1.6441349983215333,"orthographic":false}