{"cameraMode":{"drawMode":0,"name":"Shaded","section":"Shading Mode"},"sceneLighting":true,"audioPlay":false,"sceneViewState":{"showFog":false,"showMaterialUpdate":false,"showSkybox":false,"showFlares":false,"showImageEffects":false,"showParticleSystems":false},"in2DMode":false,"pivot":{"x":18.469966888427736,"y":1.4050663709640504,"z":26.988426208496095},"rotation":{"x":0.0225212499499321,"y":-0.16583624482154847,"z":0.003787784604355693,"w":0.9858888983726502},"size":14.289430618286133,"orthographic":false}