{"cameraMode":{"drawMode":0,"name":"Shaded","section":"Shading Mode"},"sceneLighting":false,"audioPlay":false,"sceneViewState":{"showFog":false,"showMaterialUpdate":false,"showSkybox":false,"showFlares":false,"showImageEffects":false,"showParticleSystems":false},"in2DMode":false,"pivot":{"x":2.7238855361938478,"y":1.7241910696029664,"z":2.571397542953491},"rotation":{"x":0.039637479931116107,"y":0.4109276831150055,"z":-0.0178866907954216,"w":0.9106302261352539},"size":7.007197380065918,"orthographic":false}