{"cameraMode":{"drawMode":0,"name":"Shaded","section":"Shading Mode"},"sceneLighting":false,"audioPlay":false,"sceneViewState":{"showFog":false,"showMaterialUpdate":false,"showSkybox":false,"showFlares":false,"showImageEffects":false,"showParticleSystems":false},"in2DMode":false,"pivot":{"x":0.3488037586212158,"y":0.7715280055999756,"z":0.18389058113098145},"rotation":{"x":-0.026545794680714608,"y":0.9142277240753174,"z":-0.060711316764354709,"w":-0.3997464179992676},"size":4.221873760223389,"orthographic":false}