{"cameraMode":{"drawMode":0,"name":"Shaded","section":"Shading Mode"},"sceneLighting":true,"audioPlay":false,"sceneViewState":{"showFog":false,"showMaterialUpdate":false,"showSkybox":false,"showFlares":false,"showImageEffects":false,"showParticleSystems":false},"in2DMode":false,"pivot":{"x":44.21150207519531,"y":-9.488215446472168,"z":-46.450016021728519},"rotation":{"x":0.006055429112166166,"y":0.99358731508255,"z":-0.09207763522863388,"w":0.0653403028845787},"size":60.01556396484375,"orthographic":false}