{"cameraMode":{"drawMode":0,"name":"Shaded","section":"Shading Mode"},"sceneLighting":false,"audioPlay":false,"sceneViewState":{"showFog":false,"showMaterialUpdate":false,"showSkybox":false,"showFlares":false,"showImageEffects":false,"showParticleSystems":false},"in2DMode":false,"pivot":{"x":4.931962013244629,"y":1.9999998807907105,"z":0.2700001001358032},"rotation":{"x":0.010782215744256974,"y":-0.09789105504751206,"z":0.0010611554607748986,"w":0.9951381683349609},"size":14.40503215789795,"orthographic":false}