{"cameraMode":{"drawMode":0,"name":"Shaded","section":"Shading Mode"},"sceneLighting":false,"audioPlay":false,"sceneViewState":{"showFog":false,"showMaterialUpdate":false,"showSkybox":false,"showFlares":false,"showImageEffects":false,"showParticleSystems":false},"in2DMode":false,"pivot":{"x":1882.4945068359375,"y":832.4730834960938,"z":-270.6598205566406},"rotation":{"x":-0.03402789309620857,"y":-0.9659557938575745,"z":0.1841687262058258,"w":-0.1784752756357193},"size":62.71626281738281,"orthographic":false}