{"cameraMode":{"drawMode":0,"name":"Shaded","section":"Shading Mode"},"sceneLighting":false,"audioPlay":false,"sceneViewState":{"showFog":false,"showMaterialUpdate":false,"showSkybox":false,"showFlares":false,"showImageEffects":false,"showParticleSystems":false},"in2DMode":false,"pivot":{"x":0.48230457305908205,"y":2.3199710845947267,"z":-0.5494837760925293},"rotation":{"x":0.03272243216633797,"y":0.12797598540782929,"z":0.004224739968776703,"w":-0.9912283420562744},"size":4.03450345993042,"orthographic":false}