{"cameraMode":{"drawMode":0,"name":"Shaded","section":"Shading Mode"},"sceneLighting":false,"audioPlay":false,"sceneViewState":{"showFog":false,"showMaterialUpdate":false,"showSkybox":false,"showFlares":false,"showImageEffects":false,"showParticleSystems":false},"in2DMode":false,"pivot":{"x":0.12346333265304566,"y":0.284572035074234,"z":1.2699248790740967},"rotation":{"x":-0.07669103890657425,"y":0.8848968148231506,"z":-0.1572003960609436,"w":-0.4316991865634918},"size":0.9804505109786987,"orthographic":false}