{"cameraMode":{"drawMode":0,"name":"Shaded","section":"Shading Mode"},"sceneLighting":false,"audioPlay":false,"sceneViewState":{"showFog":false,"showMaterialUpdate":false,"showSkybox":false,"showFlares":false,"showImageEffects":false,"showParticleSystems":false},"in2DMode":false,"pivot":{"x":-0.03613200783729553,"y":0.1439100205898285,"z":0.3315380811691284},"rotation":{"x":-0.010997455567121506,"y":0.9881446361541748,"z":-0.12699122726917268,"w":-0.0855717808008194},"size":1.221951961517334,"orthographic":false}