{"cameraMode":{"drawMode":0,"name":"Shaded","section":"Shading Mode"},"sceneLighting":false,"audioPlay":false,"sceneViewState":{"showFog":false,"showMaterialUpdate":false,"showSkybox":false,"showFlares":false,"showImageEffects":false,"showParticleSystems":false},"in2DMode":false,"pivot":{"x":0.0000011920928955078126,"y":2.0,"z":1.5781240463256837},"rotation":{"x":-0.13119007647037507,"y":0.4767034351825714,"z":-0.07219789922237396,"w":-0.866216242313385},"size":12.98812484741211,"orthographic":false}