{"cameraMode":{"drawMode":0,"name":"Shaded","section":"Shading Mode"},"sceneLighting":false,"audioPlay":false,"sceneViewState":{"showFog":false,"showMaterialUpdate":false,"showSkybox":false,"showFlares":false,"showImageEffects":false,"showParticleSystems":false},"in2DMode":false,"pivot":{"x":-0.7852541208267212,"y":0.6168103218078613,"z":5.1769890785217289},"rotation":{"x":-0.19819271564483643,"y":0.34346258640289309,"z":-0.07439592480659485,"w":-0.9149963855743408},"size":9.880779266357422,"orthographic":false}