{"cameraMode":{"drawMode":0,"name":"Shaded","section":"Shading Mode"},"sceneLighting":false,"audioPlay":false,"sceneViewState":{"showFog":false,"showMaterialUpdate":false,"showSkybox":false,"showFlares":false,"showImageEffects":false,"showParticleSystems":false},"in2DMode":false,"pivot":{"x":0.31201642751693728,"y":0.28457197546958926,"z":1.0888152122497559},"rotation":{"x":-0.0535883866250515,"y":0.9372366666793823,"z":-0.166498601436615,"w":-0.30165207386016848},"size":0.9804505109786987,"orthographic":false}