{"cameraMode":{"drawMode":0,"name":"Shaded","section":"Shading Mode"},"sceneLighting":false,"audioPlay":false,"sceneViewState":{"showFog":false,"showMaterialUpdate":false,"showSkybox":false,"showFlares":false,"showImageEffects":false,"showParticleSystems":false},"in2DMode":false,"pivot":{"x":0.3125505745410919,"y":0.9375,"z":0.8124998807907105},"rotation":{"x":-0.04711497575044632,"y":0.7311546206474304,"z":-0.05075756832957268,"w":-0.6786876320838928},"size":4.221873760223389,"orthographic":false}