{"cameraMode":{"drawMode":0,"name":"Shaded","section":"Shading Mode"},"sceneLighting":false,"audioPlay":false,"sceneViewState":{"showFog":false,"showMaterialUpdate":false,"showSkybox":false,"showFlares":false,"showImageEffects":false,"showParticleSystems":false},"in2DMode":false,"pivot":{"x":0.2997746467590332,"y":0.6018905639648438,"z":-1.0723490715026856},"rotation":{"x":0.012147990055382252,"y":0.9775019884109497,"z":-0.05872059985995293,"w":0.20222344994544984},"size":7.019324779510498,"orthographic":false}