{"cameraMode":{"drawMode":0,"name":"Shaded","section":"Shading Mode"},"sceneLighting":false,"audioPlay":false,"sceneViewState":{"showFog":false,"showMaterialUpdate":false,"showSkybox":false,"showFlares":false,"showImageEffects":false,"showParticleSystems":false},"in2DMode":false,"pivot":{"x":0.0,"y":0.11319005489349365,"z":-0.0014225021004676819},"rotation":{"x":0.19669301807880402,"y":-0.13160774111747743,"z":0.02665403112769127,"w":0.9712264537811279},"size":4.8353142738342289,"orthographic":false}