{"cameraMode":{"drawMode":0,"name":"Shaded","section":"Shading Mode"},"sceneLighting":false,"audioPlay":false,"sceneViewState":{"showFog":false,"showMaterialUpdate":false,"showSkybox":false,"showFlares":false,"showImageEffects":false,"showParticleSystems":false},"in2DMode":false,"pivot":{"x":0.0,"y":0.5512754917144775,"z":0.03907120227813721},"rotation":{"x":-0.08256310969591141,"y":0.6536151170730591,"z":-0.07206325978040695,"w":-0.7488508820533752},"size":2.4817841053009035,"orthographic":false}