{"cameraMode":{"drawMode":0,"name":"Shaded","section":"Shading Mode"},"sceneLighting":false,"audioPlay":false,"sceneViewState":{"showFog":false,"showMaterialUpdate":false,"showSkybox":false,"showFlares":false,"showImageEffects":false,"showParticleSystems":false},"in2DMode":false,"pivot":{"x":1.4122174978256226,"y":1.8004740476608277,"z":0.9229216575622559},"rotation":{"x":0.000017999738702201284,"y":0.9999775290489197,"z":-0.005999937187880278,"w":0.0029999190010130407},"size":7.012503147125244,"orthographic":false}