{"cameraMode":{"drawMode":0,"name":"Shaded","section":"Shading Mode"},"sceneLighting":true,"audioPlay":false,"sceneViewState":{"showFog":false,"showMaterialUpdate":false,"showSkybox":false,"showFlares":false,"showImageEffects":false,"showParticleSystems":false},"in2DMode":false,"pivot":{"x":12.594844818115235,"y":-4.492286205291748,"z":38.02626037597656},"rotation":{"x":-0.08765348792076111,"y":-0.15276101231575013,"z":0.013604802079498768,"w":-0.9842743277549744},"size":40.010372161865237,"orthographic":false}