{"cameraMode":{"drawMode":0,"name":"Shaded","section":"Shading Mode"},"sceneLighting":true,"audioPlay":false,"sceneViewState":{"showFog":false,"showMaterialUpdate":false,"showSkybox":false,"showFlares":false,"showImageEffects":false,"showParticleSystems":false},"in2DMode":false,"pivot":{"x":-4.032337188720703,"y":1.7292897701263428,"z":1.305772066116333},"rotation":{"x":-0.0006197689799591899,"y":0.7257302403450012,"z":-0.00065332290250808,"w":-0.6879788041114807},"size":6.402994155883789,"orthographic":false}